step,states
0,1
1,3
2,1
3,2
4,1
5,1
6,1
7,2
8,1
9,2
10,1
11,2
12,2
13,2
14,2
15,2
16,2
17,3
18,1
19,2
20,3
21,2
22,2
23,2
24,2
25,1
26,2
27,2
28,1
29,1
30,2
31,1
32,3
33,2
34,1
35,2
36,2
37,1
38,2
39,1
40,2
41,1
42,2
43,2
44,2
45,1
46,1
47,3
48,1
49,1
50,1
51,1
52,2
53,2
54,2
55,1
56,2
57,2
58,1
59,1
60,1
61,1
62,1
63,1
64,1
65,2
66,2
67,1
68,1
69,2
70,1
71,1
72,1
73,2
74,2
75,1
76,1
77,3
78,1
79,2
80,3
81,1
82,2
83,2
84,1
85,2
86,1
87,1
88,1
89,2
90,1
91,2
92,1
93,1
94,2
95,2
96,1
97,1
98,1
99,1
100,1
101,1
102,1
103,1
104,1
105,3
106,2
107,1
108,1
109,2
110,2
111,1
112,3
113,2
114,2
115,2
116,2
117,2
118,2
119,1
120,1
121,1
122,2
123,2
124,1
125,2
126,2
127,1
128,1
129,2
130,1
131,2
132,2
133,2
134,2
135,2
136,1
137,3
138,1
139,1
140,1
141,2
142,1
143,2
144,1
145,3
146,1
147,1
148,3
149,2
150,1
151,1
152,1
153,1
154,2
155,1
156,1
157,2
158,1
159,1
160,1
161,2
162,1
163,1
164,1
165,1
166,1
167,1
168,1
169,2
170,2
171,2
172,1
173,3
174,2
175,1
176,1
177,1
178,1
179,1
180,1
181,1
182,1
183,1
184,2
185,1
186,1
187,2
188,2
189,1
190,1
191,2
192,1
193,2
194,1
195,2
196,1
197,2
198,2
199,3
200,1
201,1
202,3
203,2
204,2
205,1
206,2
207,1
208,1
209,2
210,2
211,1
212,1
213,2
214,2
215,1
216,2
217,2
218,2
219,2
220,1
221,1
222,1
223,2
224,2
225,1
226,1
227,1
228,1
229,1
230,1
231,1
232,1
233,2
234,2
235,1
236,2
237,1
238,2
239,1
240,1
241,1
242,2
243,2
244,1
245,2
246,1
247,1
248,1
249,1
250,1
251,1
252,2
253,2
254,1
255,2
256,2
257,1
258,1
259,3
260,1
261,1
262,2
263,2
264,1
265,1
266,1
267,2
268,1
269,1
270,1
271,1
272,1
273,2
274,1
275,1
276,2
277,1
278,1
279,2
280,3
281,2
282,1
283,3
284,2
285,1
286,2
287,1
288,2
289,1
290,2
291,1
292,1
293,2
294,2
295,1
296,1
297,1
298,1
299,2
300,1
301,2
302,2
303,1
304,1
305,1
306,2
307,2
308,2
309,1
310,2
311,1
312,1
313,1
314,1
315,2
316,1
317,2
318,1
319,3
320,1
321,1
322,1
323,3
324,2
325,2
326,1
327,1
328,1
329,1
330,1
331,2
332,2
333,2
334,2
335,1
336,2
337,1
338,1
339,1
340,1
341,2
342,2
343,1
344,1
345,2
346,1
347,2
348,1
349,1
350,1
351,2
352,2
353,2
354,2
355,2
356,3
357,2
358,1
359,2
360,2
361,1
362,2
363,1
364,1
365,2
366,1
367,2
368,1
369,2
370,2
371,2
372,1
373,2
374,1
375,1
376,1
377,2
378,1
379,1
380,2
381,2
382,1
383,1
384,1
385,1
386,1
387,1
388,2
389,2
390,2
391,1
392,2
393,1
394,2
395,3
396,1
397,2
398,1
399,1
400,3
401,1
402,2
403,1
404,2
405,1
406,2
407,2
408,2
409,1
410,1
411,1
412,2
413,2
414,1
415,2
416,2
417,2
418,2
419,3
420,2
421,2
422,2
423,2
424,1
425,2
426,2
427,3
428,3
429,2
430,2
431,1
432,2
433,1
434,1
435,2
436,1
437,3
438,1
439,1
440,1
441,3
442,3
443,1
444,1
445,1
446,3
447,1
448,1
449,2
450,1
451,1
452,2
453,1
454,2
455,2
456,1
457,2
458,1
459,1
460,1
461,1
462,2
463,1
464,1
465,2
466,1
467,1
468,2
469,1
470,1
471,1
472,2
473,2
474,2
475,2
476,2
477,3
478,1
479,2
480,1
481,2
482,3
483,1
484,2
485,2
486,2
487,1
488,2
489,1
490,3
491,2
492,2
493,2
494,1
495,2
496,2
497,3
498,1
499,2
500,1
501,1
502,1
503,1
504,1
505,2
506,2
507,2
508,1
509,1
510,2
511,1
512,1
513,2
514,1
515,2
516,2
517,2
518,3
519,2
520,3
521,1
522,1
523,2
524,2
525,2
526,2
527,1
528,1
529,1
530,2
531,2
532,2
533,1
534,2
535,2
536,1
537,1
538,2
539,1
540,2
541,1
542,2
543,2
544,2
545,2
546,1
547,3
548,1
549,1
550,1
551,1
552,1
553,1
554,2
555,1
556,2
557,1
558,1
559,1
560,2
561,2
562,1
563,2
564,1
565,1
566,1
567,1
568,2
569,2
570,1
571,1
572,1
573,1
574,1
575,3
576,3
577,1
578,2
579,1
580,1
581,1
582,1
583,1
584,2
585,2
586,2
587,2
588,2
589,1
590,1
591,1
592,2
593,1
594,1
595,2
596,2
597,2
598,2
599,1
600,2
601,1
602,1
603,1
604,3
605,1
606,1
607,2
608,3
609,2
610,1
611,2
612,1
613,2
614,1
615,1
616,2
617,2
618,1
619,1
620,1
621,2
622,1
623,1
624,2
625,2
626,2
627,2
628,2
629,1
630,1
631,3
632,1
633,1
634,2
635,2
636,3
637,1
638,1
639,1
640,1
641,3
642,2
643,1
644,1
645,1
646,2
647,2
648,1
649,2
650,1
651,1
652,1
653,3
654,2
655,2
656,1
657,1
658,2
659,2
660,3
661,1
662,3
663,2
664,1
665,1
666,2
667,1
668,1
669,1
670,2
671,1
672,2
673,2
674,2
675,1
676,2
677,3
678,1
679,3
680,2
681,2
682,1
683,1
684,1
685,2
686,1
687,1
688,1
689,2
690,1
691,1
692,2
693,2
694,1
695,1
696,2
697,2
698,3
699,2
700,2
701,2
702,1
703,2
704,1
705,1
706,2
707,2
708,1
709,1
710,1
711,1
712,2
713,1
714,2
715,1
716,3
717,1
718,1
719,3
720,3
721,2
722,1
723,2
724,2
725,2
726,2
727,1
728,2
729,2
730,1
731,2
732,2
733,3
734,1
735,2
736,1
737,2
738,1
739,1
740,2
741,2
742,1
743,2
744,1
745,3
746,1
747,2
748,2
749,1
750,1
751,1
752,1
753,2
754,1
755,1
756,2
757,1
758,1
759,2
760,1
761,2
762,1
763,1
764,1
765,2
766,1
767,1
768,2
769,2
770,2
771,2
772,1
773,1
774,2
775,2
776,3
777,3
778,3
779,1
780,2
781,1
782,2
783,1
784,1
785,1
786,1
787,2
788,2
789,2
790,1
791,1
792,1
793,1
794,2
795,2
796,2
797,3
798,2
799,1
800,2
801,2
802,2
803,1
804,3
805,1
806,1
807,2
808,1
809,1
810,1
811,1
812,2
813,2
814,1
815,1
816,2
817,1
818,2
819,3
820,1
821,1
822,1
823,1
824,2
825,2
826,1
827,2
828,2
829,1
830,1
831,1
832,2
833,3
834,3
835,2
836,1
837,1
838,1
839,1
840,1
841,2
842,1
843,2
844,2
845,1
846,1
847,1
848,2
849,2
850,1
851,1
852,1
853,1
854,1
855,1
856,1
857,2
858,2
859,2
860,1
861,1
862,2
863,3
864,1
865,2
866,2
867,2
868,1
869,1
870,1
871,1
872,1
873,1
874,2
875,1
876,2
877,1
878,3
879,3
880,2
881,2
882,2
883,2
884,1
885,1
886,1
887,2
888,2
889,1
890,1
891,3
892,2
893,1
894,1
895,3
896,2
897,2
898,1
899,2
900,3
901,2
902,1
903,2
904,3
905,2
906,1
907,2
908,1
909,3
910,2
911,1
912,1
913,2
914,1
915,2
916,1
917,1
918,2
919,2
920,2
921,2
922,2
923,1
924,1
925,2
926,2
927,2
928,1
929,3
930,1
931,2
932,1
933,2
934,1
935,3
936,1
937,1
938,2
939,1
940,2
941,1
942,1
943,1
944,1
945,2
946,2
947,1
948,1
949,1
950,2
951,2
952,1
953,1
954,2
955,1
956,1
957,1
958,1
959,3
960,2
961,1
962,1
963,2
964,2
965,2
966,1
967,3
968,2
969,2
970,1
971,1
972,1
973,2
974,1
975,2
976,3
977,1
978,1
979,1
980,1
981,1
982,1
983,1
984,2
985,1
986,2
987,2
988,1
989,2
990,1
991,2
992,2
993,1
994,1
995,2
996,1
997,3
998,1
999,2
1000,1
1001,2
1002,1
1003,2
1004,2
1005,2
1006,1
1007,1
1008,3
1009,1
1010,3
1011,1
1012,1
1013,2
1014,2
1015,1
1016,2
1017,1
1018,1
1019,2
1020,1
1021,1
1022,1
1023,3
1024,1
1025,1
1026,1
1027,2
1028,3
1029,1
1030,1
1031,2
1032,1
1033,2
1034,1
1035,2
1036,1
1037,2
1038,1
1039,1
1040,1
1041,3
1042,1
1043,1
1044,2
1045,1
1046,2
1047,2
1048,2
1049,1
1050,2
1051,2
1052,1
1053,1
1054,1
1055,1
1056,3
1057,2
1058,1
1059,2
1060,1
1061,2
1062,1
1063,1
1064,2
1065,1
1066,1
1067,1
1068,2
1069,1
1070,2
1071,1
1072,3
1073,2
1074,1
1075,3
1076,1
1077,1
1078,1
1079,1
1080,3
1081,1
1082,1
1083,2
1084,1
1085,3
1086,2
1087,1
1088,1
1089,3
1090,1
1091,1
1092,1
1093,2
1094,1
1095,2
1096,2
1097,1
1098,1
1099,2
1100,2
1101,3
1102,1
1103,1
1104,3
1105,1
1106,1
1107,1
1108,2
1109,2
1110,2
1111,2
1112,2
1113,2
1114,1
1115,1
1116,3
1117,2
1118,2
1119,3
1120,1
1121,2
1122,2
1123,2
1124,3
1125,1
1126,1
1127,3
1128,2
1129,1
1130,2
1131,1
1132,3
1133,2
1134,1
1135,1
1136,2
1137,1
1138,2
1139,3
1140,1
1141,1
1142,2
1143,1
1144,3
1145,1
1146,1
1147,1
1148,3
1149,2
1150,1
1151,1
1152,2
1153,3
1154,1
1155,1
1156,3
1157,1
1158,1
1159,1
1160,2
1161,2
1162,3
1163,1
1164,1
1165,1
1166,2
1167,3
1168,2
1169,2
1170,3
1171,2
1172,1
1173,2
1174,1
1175,1
1176,2
1177,1
1178,1
1179,1
1180,1
1181,1
1182,2
1183,2
1184,1
1185,1
1186,1
1187,2
1188,2
1189,3
1190,2
1191,1
1192,1
1193,3
1194,1
1195,2
1196,2
1197,1
1198,2
1199,1
1200,2
1201,1
1202,2
1203,2
1204,2
1205,1
1206,2
1207,1
1208,1
1209,1
1210,1
1211,2
1212,3
1213,1
1214,2
1215,1
1216,2
1217,1
1218,1
1219,3
1220,2
1221,2
1222,1
1223,1
1224,1
1225,1
1226,2
1227,2
1228,1
1229,2
1230,2
1231,1
1232,3
1233,1
1234,2
1235,1
1236,3
1237,1
1238,1
1239,1
1240,1
1241,1
1242,1
1243,2
1244,1
1245,1
1246,3
1247,3
1248,1
1249,2
1250,1
1251,1
1252,3
1253,2
1254,2
1255,1
1256,2
1257,1
1258,1
1259,1
1260,2
1261,2
1262,2
1263,2
1264,1
1265,1
1266,1
1267,1
1268,2
1269,2
1270,1
1271,1
1272,2
1273,1
1274,3
1275,2
1276,1
1277,1
1278,1
1279,1
1280,2
1281,1
1282,2
1283,1
1284,2
1285,1
1286,1
1287,2
1288,1
1289,1
1290,2
1291,3
1292,3
1293,1
1294,1
1295,3
1296,2
1297,2
1298,2
1299,2
1300,1
1301,1
1302,1
1303,2
1304,2
1305,1
1306,1
1307,2
1308,1
1309,1
1310,2
1311,1
1312,2
1313,1
1314,2
1315,1
1316,1
1317,2
1318,3
1319,1
1320,1
1321,1
1322,2
1323,2
1324,1
1325,2
1326,1
1327,2
1328,2
1329,2
1330,2
1331,2
1332,1
1333,2
1334,3
1335,2
1336,1
1337,1
1338,2
1339,1
1340,1
1341,1
1342,1
1343,2
1344,1
1345,1
1346,2
1347,3
1348,1
1349,1
1350,1
1351,2
1352,1
1353,1
1354,2
1355,1
1356,1
1357,2
1358,1
1359,1
1360,3
1361,3
1362,2
1363,2
1364,2
1365,2
1366,2
1367,2
1368,2
1369,2
1370,1
1371,2
1372,1
1373,1
1374,1
1375,2
1376,2
1377,1
1378,1
1379,2
1380,1
1381,1
1382,1
1383,3
1384,2
1385,2
1386,1
1387,1
1388,2
1389,2
1390,1
1391,1
1392,2
1393,3
1394,1
1395,1
1396,2
1397,2
1398,2
1399,2
1400,1
1401,1
1402,1
1403,1
1404,1
1405,2
1406,2
1407,2
1408,2
1409,2
1410,1
1411,1
1412,2
1413,1
1414,2
1415,1
1416,2
1417,2
1418,2
1419,2
1420,2
1421,2
1422,2
1423,2
1424,1
1425,2
1426,1
1427,1
1428,2
1429,1
1430,3
1431,3
1432,1
1433,1
1434,1
1435,2
1436,2
1437,1
1438,1
1439,1
1440,1
1441,2
1442,1
1443,1
1444,1
1445,2
1446,2
1447,1
1448,2
1449,1
1450,1
1451,2
1452,1
1453,2
1454,2
1455,1
1456,1
1457,2
1458,2
1459,2
1460,1
1461,2
1462,3
1463,1
1464,1
1465,1
1466,1
1467,2
1468,2
1469,2
1470,1
1471,2
1472,2
1473,1
1474,1
1475,2
1476,2
1477,1
1478,1
1479,2
1480,2
1481,1
1482,1
1483,2
1484,3
1485,2
1486,2
1487,1
1488,1
1489,1
1490,1
1491,1
1492,2
1493,1
1494,1
1495,1
1496,1
1497,1
1498,2
1499,1
1500,1
1501,2
1502,1
1503,2
1504,1
1505,1
1506,2
1507,2
1508,2
1509,2
1510,1
1511,2
1512,1
1513,2
1514,1
1515,2
1516,3
1517,2
1518,2
1519,1
1520,2
1521,1
1522,3
1523,1
1524,1
1525,2
1526,2
1527,2
1528,1
1529,2
1530,1
1531,2
1532,3
1533,3
1534,1
1535,2
1536,1
1537,2
1538,1
1539,1
1540,1
1541,2
1542,1
1543,2
1544,1
1545,2
1546,2
1547,1
1548,1
1549,2
1550,1
1551,1
1552,2
1553,3
1554,1
1555,3
1556,2
1557,1
1558,3
1559,3
1560,1
1561,1
1562,2
1563,2
1564,2
1565,1
1566,2
1567,1
1568,2
1569,1
1570,1
1571,1
1572,1
1573,2
1574,2
1575,2
1576,2
1577,1
1578,2
1579,1
1580,1
1581,1
1582,2
1583,2
1584,2
1585,1
1586,2
1587,2
1588,1
1589,2
1590,1
1591,2
1592,1
1593,1
1594,1
1595,2
1596,1
1597,2
1598,2
1599,2
1600,2
1601,2
1602,1
1603,2
1604,2
1605,2
1606,2
1607,2
1608,1
1609,2
1610,1
1611,2
1612,1
1613,2
1614,2
1615,1
1616,2
1617,2
1618,1
1619,1
1620,2
1621,2
1622,1
1623,3
1624,2
1625,3
1626,2
1627,1
1628,2
1629,1
1630,2
1631,2
1632,2
1633,2
1634,2
1635,1
1636,3
1637,3
1638,1
1639,1
1640,1
1641,3
1642,2
1643,2
1644,1
1645,1
1646,2
1647,2
1648,1
1649,1
1650,2
1651,1
1652,2
1653,1
1654,1
1655,1
1656,1
1657,1
1658,2
1659,2
1660,1
1661,2
1662,1
1663,3
1664,1
1665,2
1666,2
1667,1
1668,1
1669,1
1670,1
1671,2
1672,3
1673,1
1674,2
1675,3
1676,1
1677,1
1678,1
1679,1
1680,1
1681,1
1682,1
1683,1
1684,2
1685,2
1686,1
1687,1
1688,1
1689,2
1690,1
1691,2
1692,1
1693,1
1694,3
1695,3
1696,1
1697,1
1698,1
1699,1
1700,1
1701,1
1702,1
1703,1
1704,1
1705,2
1706,1
1707,2
1708,2
1709,2
1710,2
1711,2
1712,1
1713,1
1714,2
1715,2
1716,1
1717,1
1718,1
1719,2
1720,1
1721,1
1722,3
1723,1
1724,1
1725,3
1726,2
1727,2
1728,3
1729,1
1730,1
1731,1
1732,1
1733,3
1734,2
1735,2
1736,2
1737,2
1738,1
1739,2
1740,2
1741,1
1742,2
1743,1
1744,2
1745,2
1746,1
1747,1
1748,1
1749,1
1750,1
1751,2
1752,2
1753,2
1754,2
1755,1
1756,1
1757,2
1758,1
1759,1
1760,2
1761,1
1762,3
1763,2
1764,1
1765,3
1766,1
1767,2
1768,2
1769,1
1770,2
1771,2
1772,2
1773,2
1774,1
1775,1
1776,1
1777,1
1778,2
1779,2
1780,2
1781,1
1782,1
1783,1
1784,1
1785,2
1786,2
1787,1
1788,1
1789,1
1790,1
1791,1
1792,3
1793,2
1794,1
1795,1
1796,2
1797,2
1798,1
1799,1
1800,1
1801,2
1802,2
1803,1
1804,1
1805,1
1806,1
1807,2
1808,1
1809,1
1810,1
1811,2
1812,3
1813,2
1814,2
1815,2
1816,1
1817,2
1818,1
1819,2
1820,1
1821,1
1822,1
1823,1
1824,1
1825,2
1826,2
1827,3
1828,1
1829,1
1830,1
1831,1
1832,2
1833,1
1834,2
1835,1
1836,1
1837,2
1838,1
1839,1
1840,1
1841,2
1842,1
1843,2
1844,2
1845,2
1846,2
1847,1
1848,3
1849,1
1850,2
1851,2
1852,1
1853,1
1854,1
1855,1
1856,1
1857,2
1858,1
1859,2
1860,1
1861,2
1862,2
1863,1
1864,1
1865,2
1866,2
1867,1
1868,2
1869,2
1870,2
1871,1
1872,1
1873,1
1874,1
1875,1
1876,1
1877,1
1878,2
1879,1
1880,1
1881,1
1882,1
1883,1
1884,1
1885,1
1886,2
1887,1
1888,2
1889,1
1890,1
1891,1
1892,1
1893,2
1894,1
1895,2
1896,1
1897,2
1898,3
1899,1
1900,3
1901,2
1902,1
1903,2
1904,1
1905,2
1906,1
1907,2
1908,1
1909,2
1910,1
1911,1
1912,2
1913,1
1914,1
1915,1
1916,1
1917,1
1918,2
1919,2
1920,1
1921,1
1922,2
1923,2
1924,1
1925,1
1926,1
1927,3
1928,1
1929,1
1930,1
1931,2
1932,1
1933,1
1934,2
1935,1
1936,2
1937,2
1938,1
1939,1
1940,2
1941,2
1942,1
1943,1
1944,1
1945,1
1946,2
1947,1
1948,2
1949,1
1950,2
1951,1
1952,2
1953,1
1954,1
1955,1
1956,1
1957,2
1958,2
1959,3
1960,3
1961,1
1962,1
1963,1
1964,2
1965,2
1966,1
1967,1
1968,1
1969,2
1970,1
1971,2
1972,1
1973,1
1974,1
1975,3
1976,2
1977,1
1978,2
1979,2
1980,2
1981,2
1982,3
1983,2
1984,2
1985,2
1986,1
1987,2
1988,2
1989,2
1990,2
1991,2
1992,3
1993,2
1994,3
1995,1
1996,2
1997,2
1998,1
1999,3
2000,1
2001,1
2002,2
2003,2
2004,1
2005,2
2006,1
2007,2
2008,1
2009,2
2010,1
2011,2
2012,1
2013,2
2014,1
2015,3
2016,2
2017,2
2018,1
2019,2
2020,1
2021,1
2022,1
2023,2
2024,2
2025,2
2026,1
2027,2
2028,2
2029,2
2030,3
2031,1
2032,1
2033,1
2034,3
2035,1
2036,1
2037,2
2038,1
2039,2
2040,1
2041,2
2042,2
2043,2
2044,2
2045,2
2046,2
2047,1
2048,1
2049,1
2050,1
2051,1
2052,2
2053,2
2054,1
2055,1
2056,2
2057,2
2058,1
2059,2
2060,1
2061,1
2062,2
2063,2
2064,1
2065,1
2066,2
2067,1
2068,1
2069,1
2070,2
2071,1
2072,2
2073,2
2074,2
2075,2
2076,2
2077,2
2078,2
2079,1
2080,1
2081,2
2082,1
2083,2
2084,3
2085,2
2086,3
2087,1
2088,1
2089,1
2090,1
2091,1
2092,1
2093,2
2094,2
2095,2
2096,2
2097,1
2098,1
2099,2
2100,1
2101,1
2102,2
2103,3
2104,1
2105,1
2106,1
2107,2
2108,1
2109,1
2110,2
2111,2
2112,1
2113,2
2114,3
2115,1
2116,1
2117,2
2118,1
2119,1
2120,1
2121,1
2122,2
2123,1
2124,1
2125,1
2126,1
2127,2
2128,1
2129,1
2130,1
2131,3
2132,3
2133,1
2134,1
2135,1
2136,3
2137,2
2138,2
2139,1
2140,1
2141,1
2142,1
2143,2
2144,3
2145,2
2146,1
2147,2
2148,1
2149,2
2150,2
2151,1
2152,2
2153,1
2154,1
2155,2
2156,1
2157,1
2158,1
2159,1
2160,2
2161,1
2162,2
2163,2
2164,2
2165,1
2166,1
2167,1
2168,2
2169,1
2170,2
2171,1
2172,1
2173,2
2174,2
2175,1
2176,1
2177,2
2178,1
2179,2
2180,2
2181,1
2182,1
2183,2
2184,1
2185,2
2186,2
2187,1
2188,1
2189,2
2190,3
2191,2
2192,1
2193,2
2194,1
2195,1
2196,2
2197,1
2198,1
2199,2
2200,2
2201,1
2202,3
2203,1
2204,1
2205,2
2206,1
2207,1
2208,2
2209,2
2210,2
2211,2
2212,1
2213,2
2214,2
2215,1
2216,3
2217,1
2218,2
2219,1
2220,2
2221,2
2222,3
2223,1
2224,1
2225,3
2226,1
2227,1
2228,2
2229,2
2230,2
2231,1
2232,2
2233,1
2234,2
2235,3
2236,1
2237,1
2238,2
2239,1
2240,2
2241,1
2242,2
2243,1
2244,2
2245,2
2246,1
2247,2
2248,1
2249,2
2250,2
2251,2
2252,2
2253,1
2254,1
2255,2
2256,2
2257,1
2258,2
2259,2
2260,2
2261,1
2262,1
2263,1
2264,2
2265,2
2266,1
2267,1
2268,1
2269,2
2270,3
2271,2
2272,2
2273,2
2274,2
2275,2
2276,2
2277,1
2278,1
2279,2
2280,1
2281,1
2282,2
2283,2
2284,2
2285,1
2286,1
2287,3
2288,2
2289,1
2290,1
2291,2
2292,1
2293,2
2294,2
2295,2
2296,1
2297,1
2298,1
2299,2
2300,2
2301,3
2302,1
2303,3
2304,2
2305,2
2306,1
2307,1
2308,1
2309,1
2310,2
2311,1
2312,2
2313,2
2314,1
2315,1
2316,1
2317,3
2318,2
2319,1
2320,1
2321,2
2322,2
2323,2
2324,1
2325,1
2326,1
2327,2
2328,2
2329,1
2330,2
2331,1
2332,1
2333,1
2334,2
2335,1
2336,2
2337,2
2338,1
2339,2
2340,1
2341,2
2342,2
2343,1
2344,2
2345,1
2346,1
2347,3
2348,2
2349,1
2350,1
2351,2
2352,2
2353,2
2354,1
2355,1
2356,1
2357,1
2358,2
2359,1
2360,2
2361,2
2362,3
2363,3
2364,2
2365,2
2366,2
2367,1
2368,2
2369,2
2370,2
2371,1
2372,2
2373,1
2374,1
2375,1
2376,2
2377,1
2378,1
2379,2
2380,1
2381,1
2382,2
2383,1
2384,1
2385,1
2386,1
2387,1
2388,2
2389,3
2390,1
2391,1
2392,2
2393,1
2394,2
2395,1
2396,1
2397,2
2398,1
2399,1
2400,1
2401,2
2402,2
2403,2
2404,1
2405,1
2406,2
2407,2
2408,2
2409,1
2410,2
2411,2
2412,1
2413,1
2414,2
2415,1
2416,2
2417,2
2418,1
2419,2
2420,1
2421,2
2422,1
2423,2
2424,1
2425,1
2426,2
2427,3
2428,2
2429,1
2430,1
2431,2
2432,2
2433,1
2434,2
2435,1
2436,1
2437,2
2438,1
2439,1
2440,1
2441,2
2442,1
2443,2
2444,1
2445,3
2446,3
2447,2
2448,2
2449,1
2450,1
2451,2
2452,3
2453,1
2454,1
2455,1
2456,2
2457,1
2458,1
2459,1
2460,2
2461,1
2462,1
2463,1
2464,2
2465,1
2466,2
2467,1
2468,1
2469,2
2470,2
2471,1
2472,1
2473,2
2474,2
2475,3
2476,1
2477,1
2478,2
2479,2
2480,2
2481,1
2482,2
2483,2
2484,2
2485,2
2486,2
2487,3
2488,2
2489,1
2490,2
2491,2
2492,1
2493,2
2494,1
2495,1
2496,3
2497,2
2498,1
2499,2
2500,1
2501,2
2502,2
2503,1
2504,1
2505,1
2506,2
2507,2
2508,1
2509,1
2510,2
2511,2
2512,2
2513,1
2514,2
2515,1
2516,2
2517,2
2518,2
2519,3
2520,3
2521,1
2522,1
2523,1
2524,1
2525,2
2526,2
2527,2
2528,1
2529,1
2530,3
2531,2
2532,1
2533,2
2534,3
2535,1
2536,2
2537,1
2538,1
2539,1
2540,2
2541,2
2542,1
2543,2
2544,1
2545,1
2546,2
2547,1
2548,1
2549,3
2550,2
2551,1
2552,1
2553,2
2554,1
2555,2
2556,2
2557,1
2558,1
2559,1
2560,1
2561,2
2562,2
2563,1
2564,1
2565,1
2566,1
2567,2
2568,1
2569,1
2570,2
2571,1
2572,1
2573,1
2574,1
2575,1
2576,1
2577,2
2578,3
2579,1
2580,2
2581,3
2582,1
2583,2
2584,1
2585,2
2586,2
2587,2
2588,2
2589,1
2590,2
2591,1
2592,1
2593,2
2594,2
2595,2
2596,1
2597,1
2598,2
2599,2
2600,1
2601,1
2602,2
2603,2
2604,1
2605,2
2606,2
2607,1
2608,1
2609,2
2610,2
2611,2
2612,1
2613,1
2614,2
2615,1
2616,3
2617,1
2618,2
2619,1
2620,2
2621,2
2622,2
2623,2
2624,2
2625,2
2626,1
2627,2
2628,1
2629,3
2630,1
2631,1
2632,1
2633,2
2634,1
2635,2
2636,2
2637,2
2638,1
2639,1
2640,1
2641,2
2642,2
2643,2
2644,2
2645,1
2646,3
2647,2
2648,1
2649,1
2650,2
2651,2
2652,2
2653,1
2654,2
2655,1
2656,1
2657,1
2658,1
2659,1
2660,2
2661,1
2662,1
2663,2
2664,2
2665,2
2666,2
2667,1
2668,1
2669,2
2670,1
2671,1
2672,2
2673,1
2674,1
2675,1
2676,1
2677,1
2678,1
2679,2
2680,2
2681,2
2682,2
2683,1
2684,2
2685,1
2686,1
2687,2
2688,2
2689,1
2690,2
2691,2
2692,1
2693,2
2694,1
2695,2
2696,2
2697,1
2698,1
2699,3
2700,2
2701,2
2702,1
2703,1
2704,1
2705,1
2706,3
2707,2
2708,1
2709,1
2710,1
2711,2
2712,1
2713,2
2714,1
2715,2
2716,1
2717,1
2718,1
2719,1
2720,1
2721,2
2722,1
2723,1
2724,1
2725,2
2726,2
2727,1
2728,2
2729,2
2730,1
2731,2
2732,1
2733,1
2734,2
2735,2
2736,2
2737,1
2738,2
2739,2
2740,2
2741,2
2742,1
2743,1
2744,2
2745,3
2746,1
2747,1
2748,1
2749,3
2750,1
2751,2
2752,1
2753,2
2754,1
2755,2
2756,1
2757,1
2758,1
2759,2
2760,1
2761,3
2762,1
2763,2
2764,1
2765,3
2766,1
2767,2
2768,1
2769,1
2770,2
2771,1
2772,1
2773,3
2774,1
2775,2
2776,1
2777,2
2778,3
2779,1
2780,1
2781,1
2782,1
2783,2
2784,1
2785,2
2786,2
2787,1
2788,1
2789,2
2790,2
2791,1
2792,1
2793,2
2794,1
2795,1
2796,1
2797,3
2798,2
2799,2
2800,1
2801,1
2802,2
2803,2
2804,1
2805,1
2806,1
2807,1
2808,1
2809,2
2810,2
2811,2
2812,2
2813,2
2814,2
2815,2
2816,3
2817,1
2818,1
2819,2
2820,2
2821,1
2822,1
2823,2
2824,2
2825,2
2826,2
2827,1
2828,1
2829,3
2830,2
2831,1
2832,1
2833,1
2834,1
2835,1
2836,3
2837,2
2838,1
2839,3
2840,1
2841,1
2842,2
2843,1
2844,3
2845,2
2846,1
2847,2
2848,2
2849,2
2850,2
2851,2
2852,1
2853,1
2854,2
2855,1
2856,1
2857,1
2858,2
2859,1
2860,2
2861,2
2862,2
2863,2
2864,1
2865,2
2866,2
2867,1
2868,2
2869,1
2870,1
2871,2
2872,2
2873,1
2874,1
2875,3
2876,2
2877,1
2878,1
2879,2
2880,2
2881,1
2882,1
2883,1
2884,2
2885,1
2886,1
2887,3
2888,1
2889,1
2890,2
2891,2
2892,3
2893,2
2894,2
2895,2
2896,2
2897,2
2898,1
2899,1
2900,1
2901,1
2902,2
2903,2
2904,1
2905,2
2906,1
2907,2
2908,2
2909,1
2910,1
2911,3
2912,1
2913,1
2914,2
2915,1
2916,1
2917,2
2918,1
2919,2
2920,1
2921,2
2922,1
2923,2
2924,1
2925,1
2926,1
2927,2
2928,2
2929,1
2930,2
2931,2
2932,1
2933,1
2934,1
2935,1
2936,2
2937,2
2938,2
2939,1
2940,1
2941,1
2942,1
2943,1
2944,1
2945,1
2946,1
2947,1
2948,1
2949,1
2950,1
2951,2
2952,1
2953,1
2954,2
2955,1
2956,2
2957,1
2958,1
2959,1
2960,2
2961,3
2962,1
2963,1
2964,1
2965,1
2966,2
2967,2
2968,1
2969,1
2970,2
2971,1
2972,3
2973,2
2974,2
2975,2
2976,1
2977,2
2978,1
2979,1
2980,1
2981,2
2982,1
2983,1
2984,2
2985,2
2986,1
2987,2
2988,1
2989,1
2990,1
2991,3
2992,1
2993,1
2994,2
2995,1
2996,1
2997,1
2998,1
2999,1
3000,1
3001,2
3002,2
3003,1
3004,2
3005,3
3006,3
3007,2
3008,1
3009,2
3010,1
3011,1
3012,1
3013,3
3014,2
3015,2
3016,3
3017,2
3018,2
3019,2
3020,3
3021,1
3022,2
3023,1
3024,1
3025,2
3026,2
3027,1
3028,2
3029,2
3030,3
3031,1
3032,2
3033,2
3034,2
3035,1
3036,2
3037,1
3038,2
3039,1
3040,2
3041,2
3042,1
3043,1
3044,2
3045,2
3046,3
3047,2
3048,3
3049,2
3050,3
3051,1
3052,1
3053,1
3054,1
3055,1
3056,2
3057,1
3058,2
3059,2
3060,1
3061,2
3062,2
3063,1
3064,1
3065,2
3066,3
3067,3
3068,1
3069,2
3070,2
3071,3
3072,1
3073,1
3074,2
3075,1
3076,1
3077,2
3078,1
3079,1
3080,1
3081,1
3082,2
3083,1
3084,1
3085,1
3086,3
3087,2
3088,1
3089,1
3090,1
3091,2
3092,2
3093,1
3094,2
3095,3
3096,2
3097,2
3098,1
3099,1
3100,1
3101,2
3102,1
3103,3
3104,2
3105,1
3106,2
3107,1
3108,1
3109,2
3110,3
3111,1
3112,1
3113,1
3114,2
3115,1
3116,1
3117,2
3118,1
3119,1
3120,1
3121,2
3122,1
3123,1
3124,2
3125,2
3126,2
3127,1
3128,1
3129,1
3130,2
3131,2
3132,1
3133,2
3134,2
3135,2
3136,1
3137,2
3138,2
3139,1
3140,3
3141,1
3142,2
3143,1
3144,2
3145,2
3146,2
3147,2
3148,1
3149,3
3150,2
3151,3
3152,2
3153,1
3154,1
3155,1
3156,1
3157,1
3158,1
3159,2
3160,1
3161,1
3162,1
3163,1
3164,1
3165,1
3166,2
3167,1
3168,1
3169,1
3170,1
3171,2
3172,1
3173,2
3174,1
3175,2
3176,2
3177,1
3178,2
3179,1
3180,1
3181,1
3182,1
3183,1
3184,1
3185,2
3186,1
3187,1
3188,2
3189,1
3190,1
3191,1
3192,1
3193,1
3194,1
3195,3
3196,1
3197,1
3198,3
3199,2
3200,1
3201,3
3202,2
3203,3
3204,1
3205,2
3206,1
3207,1
3208,1
3209,1
3210,2
3211,2
3212,1
3213,1
3214,1
3215,2
3216,1
3217,1
3218,3
3219,1
3220,3
3221,1
3222,2
3223,3
3224,2
3225,2
3226,1
3227,1
3228,1
3229,1
3230,2
3231,2
3232,1
3233,1
3234,1
3235,1
3236,1
3237,1
3238,2
3239,1
3240,2
3241,2
3242,1
3243,2
3244,2
3245,2
3246,2
3247,2
3248,1
3249,2
3250,2
3251,1
3252,1
3253,1
3254,1
3255,2
3256,1
3257,1
3258,2
3259,2
3260,2
3261,3
3262,3
3263,1
3264,1
3265,2
3266,2
3267,2
3268,1
3269,2
3270,1
3271,1
3272,2
3273,1
3274,2
3275,2
3276,1
3277,1
3278,1
3279,2
3280,1
3281,1
3282,2
3283,3
3284,1
3285,2
3286,1
3287,2
3288,1
3289,2
3290,2
3291,2
3292,1
3293,1
3294,2
3295,1
3296,2
3297,1
3298,2
3299,1
3300,2
3301,2
3302,2
3303,1
3304,1
3305,3
3306,2
3307,2
3308,1
3309,1
3310,3
3311,2
3312,2
3313,2
3314,1
3315,1
3316,2
3317,2
3318,1
3319,1
3320,2
3321,1
3322,1
3323,1
3324,1
3325,1
3326,1
3327,1
3328,1
3329,1
3330,2
3331,1
3332,1
3333,2
3334,1
3335,2
3336,1
3337,1
3338,1
3339,1
3340,1
3341,2
3342,1
3343,2
3344,1
3345,1
3346,1
3347,3
3348,1
3349,2
3350,2
3351,3
3352,1
3353,1
3354,1
3355,2
3356,1
3357,2
3358,2
3359,1
3360,2
3361,1
3362,2
3363,1
3364,1
3365,2
3366,1
3367,2
3368,1
3369,1
3370,2
3371,1
3372,2
3373,1
3374,1
3375,2
3376,2
3377,1
3378,2
3379,1
3380,2
3381,2
3382,1
3383,1
3384,3
3385,2
3386,1
3387,2
3388,1
3389,2
3390,1
3391,2
3392,2
3393,2
3394,2
3395,2
3396,2
3397,3
3398,2
3399,2
3400,2
3401,2
3402,2
3403,1
3404,2
3405,1
3406,2
3407,1
3408,1
3409,1
3410,2
3411,1
3412,2
3413,1
3414,1
3415,2
3416,2
3417,2
3418,2
3419,2
3420,1
3421,2
3422,3
3423,2
3424,1
3425,1
3426,2
3427,1
3428,2
3429,2
3430,2
3431,2
3432,3
3433,1
3434,1
3435,2
3436,1
3437,2
3438,2
3439,1
3440,1
3441,3
3442,1
3443,2
3444,1
3445,1
3446,1
3447,2
3448,2
3449,1
3450,3
3451,2
3452,1
3453,2
3454,1
3455,2
3456,1
3457,1
3458,1
3459,3
3460,1
3461,2
3462,1
3463,2
3464,1
3465,1
3466,2
3467,1
3468,2
3469,2
3470,1
3471,2
3472,2
3473,1
3474,1
3475,2
3476,3
3477,1
3478,2
3479,2
3480,1
3481,1
3482,3
3483,2
3484,2
3485,2
3486,2
3487,1
3488,1
3489,1
3490,1
3491,2
3492,1
3493,2
3494,2
3495,2
3496,1
3497,3
3498,1
3499,1
3500,2
3501,2
3502,2
3503,1
3504,1
3505,1
3506,2
3507,2
3508,1
3509,3
3510,2
3511,1
3512,1
3513,2
3514,1
3515,1
3516,2
3517,2
3518,1
3519,2
3520,1
3521,3
3522,1
3523,2
3524,2
3525,1
3526,2
3527,1
3528,3
3529,3
3530,1
3531,1
3532,2
3533,1
3534,3
3535,2
3536,1
3537,2
3538,2
3539,2
3540,2
3541,2
3542,1
3543,3
3544,1
3545,1
3546,3
3547,2
3548,1
3549,2
3550,2
3551,1
3552,1
3553,1
3554,1
3555,1
3556,2
3557,2
3558,2
3559,2
3560,2
3561,1
3562,1
3563,1
3564,2
3565,2
3566,1
3567,1
3568,1
3569,2
3570,3
3571,2
3572,1
3573,2
3574,2
3575,1
3576,1
3577,2
3578,1
3579,2
3580,1
3581,2
3582,1
3583,2
3584,2
3585,1
3586,2
3587,1
3588,2
3589,1
3590,1
3591,2
3592,1
3593,2
3594,2
3595,1
3596,2
3597,1
3598,1
3599,3
3600,2
3601,2
3602,2
3603,1
3604,2
3605,2
3606,1
3607,1
3608,2
3609,1
3610,2
3611,2
3612,1
3613,1
3614,2
3615,1
3616,2
3617,1
3618,2
3619,2
3620,1
3621,2
3622,1
3623,2
3624,1
3625,1
3626,1
3627,1
3628,2
3629,1
3630,1
3631,1
3632,2
3633,1
3634,1
3635,1
3636,1
3637,2
3638,1
3639,1
3640,2
3641,2
3642,1
3643,1
3644,2
3645,2
3646,1
3647,2
3648,2
3649,2
3650,1
3651,1
3652,1
3653,1
3654,2
3655,3
3656,1
3657,1
3658,2
3659,2
3660,1
3661,2
3662,1
3663,1
3664,1
3665,2
3666,1
3667,2
3668,2
3669,3
3670,1
3671,1
3672,2
3673,2
3674,2
3675,3
3676,3
3677,2
3678,1
3679,2
3680,1
3681,1
3682,1
3683,2
3684,1
3685,2
3686,2
3687,2
3688,1
3689,1
3690,1
3691,1
3692,1
3693,1
3694,2
3695,1
3696,2
3697,1
3698,1
3699,1
3700,2
3701,3
3702,2
3703,2
3704,1
3705,1
3706,1
3707,2
3708,2
3709,1
3710,2
3711,1
3712,1
3713,1
3714,2
3715,2
3716,3
3717,1
3718,2
3719,1
3720,2
3721,1
3722,2
3723,2
3724,1
3725,1
3726,1
3727,2
3728,2
3729,1
3730,2
3731,2
3732,2
3733,2
3734,1
3735,2
3736,1
3737,2
3738,2
3739,3
3740,1
3741,1
3742,1
3743,2
3744,1
3745,2
3746,2
3747,2
3748,1
3749,2
3750,3
3751,2
3752,2
3753,3
3754,2
3755,2
3756,2
3757,1
3758,1
3759,2
3760,2
3761,1
3762,2
3763,2
3764,1
3765,2
3766,1
3767,1
3768,2
3769,1
3770,1
3771,1
3772,3
3773,1
3774,1
3775,2
3776,1
3777,3
3778,1
3779,2
3780,1
3781,2
3782,2
3783,2
3784,1
3785,3
3786,1
3787,1
3788,2
3789,1
3790,2
3791,1
3792,1
3793,1
3794,1
3795,1
3796,1
3797,2
3798,2
3799,1
3800,2
3801,1
3802,2
3803,2
3804,1
3805,1
3806,2
3807,3
3808,2
3809,1
3810,2
3811,3
3812,1
3813,2
3814,3
3815,2
3816,1
3817,2
3818,1
3819,1
3820,2
3821,1
3822,1
3823,1
3824,1
3825,1
3826,2
3827,1
3828,1
3829,1
3830,1
3831,1
3832,2
3833,2
3834,2
3835,1
3836,1
3837,2
3838,2
3839,1
3840,1
3841,1
3842,1
3843,1
3844,1
3845,2
3846,2
3847,1
3848,2
3849,2
3850,1
3851,2
3852,1
3853,2
3854,2
3855,3
3856,1
3857,2
3858,1
3859,2
3860,1
3861,2
3862,1
3863,1
3864,2
3865,2
3866,1
3867,2
3868,1
3869,2
3870,1
3871,1
3872,2
3873,1
3874,3
3875,1
3876,2
3877,2
3878,1
3879,1
3880,1
3881,1
3882,1
3883,3
3884,1
3885,2
3886,3
3887,2
3888,2
3889,1
3890,2
3891,1
3892,3
3893,1
3894,2
3895,2
3896,1
3897,1
3898,1
3899,1
3900,2
3901,1
3902,1
3903,1
3904,2
3905,1
3906,2
3907,1
3908,2
3909,2
3910,1
3911,1
3912,2
3913,1
3914,2
3915,1
3916,2
3917,1
3918,1
3919,1
3920,2
3921,2
3922,1
3923,2
3924,2
3925,1
3926,3
3927,2
3928,3
3929,1
3930,2
3931,2
3932,2
3933,2
3934,2
3935,2
3936,1
3937,1
3938,1
3939,2
3940,1
3941,2
3942,1
3943,1
3944,2
3945,2
3946,2
3947,2
3948,1
3949,2
3950,3
3951,1
3952,1
3953,2
3954,1
3955,2
3956,1
3957,2
3958,1
3959,1
3960,1
3961,2
3962,2
3963,2
3964,2
3965,2
3966,2
3967,1
3968,2
3969,2
3970,2
3971,1
3972,1
3973,2
3974,2
3975,1
3976,2
3977,3
3978,2
3979,2
3980,1
3981,1
3982,1
3983,1
3984,1
3985,1
3986,2
3987,1
3988,1
3989,2
3990,3
3991,1
3992,1
3993,1
3994,1
3995,1
3996,2
3997,1
3998,1
3999,1
4000,1
4001,1
4002,1
4003,2
4004,2
4005,1
4006,3
4007,1
4008,1
4009,1
4010,1
4011,1
4012,2
4013,2
4014,3
4015,1
4016,1
4017,1
4018,3
4019,2
4020,1
4021,1
4022,1
4023,1
4024,2
4025,2
4026,2
4027,1
4028,2
4029,1
4030,1
4031,2
4032,1
4033,2
4034,1
4035,1
4036,1
4037,1
4038,1
4039,3
4040,1
4041,2
4042,2
4043,1
4044,1
4045,1
4046,1
4047,2
4048,1
4049,2
4050,1
4051,1
4052,1
4053,1
4054,1
4055,2
4056,1
4057,1
4058,1
4059,1
4060,2
4061,2
4062,1
4063,1
4064,2
4065,1
4066,2
4067,2
4068,2
4069,1
4070,1
4071,2
4072,1
4073,1
4074,2
4075,3
4076,2
4077,2
4078,2
4079,3
4080,1
4081,2
4082,1
4083,1
4084,3
4085,1
4086,2
4087,1
4088,3
4089,2
4090,1
4091,1
4092,2
4093,2
4094,1
4095,2
4096,3
4097,1
4098,1
4099,2
4100,1
4101,1
4102,1
4103,1
4104,1
4105,2
4106,1
4107,3
4108,2
4109,2
4110,1
4111,1
4112,1
4113,1
4114,1
4115,1
4116,1
4117,1
4118,1
4119,1
4120,2
4121,1
4122,1
4123,2
4124,2
4125,1
4126,1
4127,2
4128,2
4129,2
4130,1
4131,1
4132,1
4133,1
4134,2
4135,1
4136,2
4137,1
4138,1
4139,2
4140,1
4141,1
4142,1
4143,2
4144,2
4145,2
4146,1
4147,2
4148,1
4149,2
4150,2
4151,3
4152,1
4153,2
4154,1
4155,1
4156,2
4157,2
4158,3
4159,1
4160,2
4161,2
4162,1
4163,1
4164,1
4165,1
4166,2
4167,1
4168,1
4169,3
4170,1
4171,1
4172,2
4173,2
4174,1
4175,2
4176,1
4177,2
4178,1
4179,1
4180,2
4181,1
4182,2
4183,2
4184,2
4185,1
4186,1
4187,1
4188,2
4189,1
4190,3
4191,1
4192,2
4193,2
4194,1
4195,1
4196,2
4197,2
4198,3
4199,1
4200,2
4201,1
4202,1
4203,1
4204,1
4205,2
4206,2
4207,2
4208,1
4209,1
4210,2
4211,3
4212,1
4213,1
4214,2
4215,1
4216,1
4217,1
4218,1
4219,2
4220,2
4221,1
4222,1
4223,2
4224,2
4225,2
4226,1
4227,2
4228,1
4229,2
4230,2
4231,2
4232,2
4233,1
4234,1
4235,1
4236,2
4237,2
4238,3
4239,1
4240,1
4241,1
4242,1
4243,1
4244,1
4245,1
4246,2
4247,3
4248,2
4249,2
4250,1
4251,1
4252,1
4253,2
4254,2
4255,1
4256,1
4257,1
4258,1
4259,1
4260,2
4261,1
4262,1
4263,2
4264,1
4265,2
4266,2
4267,1
4268,3
4269,1
4270,2
4271,1
4272,3
4273,2
4274,1
4275,1
4276,2
4277,2
4278,1
4279,2
4280,2
4281,1
4282,1
4283,1
4284,1
4285,1
4286,2
4287,2
4288,2
4289,3
4290,2
4291,2
4292,1
4293,1
4294,1
4295,1
4296,3
4297,1
4298,2
4299,2
4300,3
4301,1
4302,1
4303,1
4304,2
4305,1
4306,1
4307,2
4308,2
4309,3
4310,1
4311,2
4312,2
4313,2
4314,1
4315,3
4316,1
4317,1
4318,2
4319,2
4320,1
4321,2
4322,1
4323,1
4324,1
4325,2
4326,1
4327,1
4328,1
4329,1
4330,1
4331,1
4332,1
4333,2
4334,2
4335,2
4336,1
4337,2
4338,3
4339,1
4340,3
4341,1
4342,1
4343,2
4344,2
4345,2
4346,1
4347,1
4348,1
4349,2
4350,2
4351,2
4352,2
4353,2
4354,1
4355,2
4356,2
4357,1
4358,3
4359,2
4360,1
4361,2
4362,1
4363,1
4364,1
4365,2
4366,3
4367,1
4368,2
4369,2
4370,2
4371,1
4372,1
4373,2
4374,2
4375,1
4376,2
4377,1
4378,1
4379,2
4380,1
4381,1
4382,2
4383,3
4384,2
4385,2
4386,2
4387,2
4388,1
4389,3
4390,2
4391,2
4392,1
4393,1
4394,1
4395,3
4396,1
4397,1
4398,1
4399,3
4400,2
4401,1
4402,1
4403,2
4404,1
4405,1
4406,3
4407,1
4408,2
4409,1
4410,2
4411,1
4412,1
4413,1
4414,1
4415,2
4416,3
4417,1
4418,2
4419,2
4420,2
4421,1
4422,2
4423,2
4424,2
4425,1
4426,2
4427,1
4428,2
4429,1
4430,2
4431,1
4432,2
4433,1
4434,2
4435,2
4436,2
4437,2
4438,2
4439,2
4440,3
4441,1
4442,1
4443,1
4444,1
4445,1
4446,2
4447,1
4448,2
4449,2
4450,1
4451,3
4452,2
4453,2
4454,1
4455,2
4456,2
4457,1
4458,2
4459,1
4460,1
4461,2
4462,1
4463,2
4464,2
4465,2
4466,1
4467,1
4468,2
4469,3
4470,2
4471,2
4472,2
4473,2
4474,1
4475,2
4476,2
4477,1
4478,1
4479,1
4480,2
4481,2
4482,1
4483,1
4484,1
4485,2
4486,3
4487,2
4488,1
4489,2
4490,3
4491,1
4492,2
4493,2
4494,1
4495,3
4496,1
4497,1
4498,2
4499,1
4500,2
4501,2
4502,2
4503,2
4504,2
4505,1
4506,2
4507,1
4508,2
4509,1
4510,2
4511,1
4512,1
4513,1
4514,1
4515,1
4516,2
4517,1
4518,1
4519,2
4520,2
4521,1
4522,1
4523,3
4524,2
4525,1
4526,2
4527,1
4528,1
4529,2
4530,2
4531,2
4532,1
4533,1
4534,2
4535,1
4536,2
4537,2
4538,2
4539,2
4540,1
4541,2
4542,2
4543,1
4544,1
4545,1
4546,2
4547,2
4548,1
4549,1
4550,1
4551,1
4552,2
4553,2
4554,1
4555,2
4556,1
4557,1
4558,1
4559,1
4560,2
4561,1
4562,1
4563,2
4564,2
4565,1
4566,1
4567,1
4568,1
4569,1
4570,1
4571,1
4572,1
4573,2
4574,1
4575,2
4576,1
4577,2
4578,3
4579,2
4580,1
4581,2
4582,3
4583,2
4584,3
4585,2
4586,2
4587,1
4588,1
4589,3
4590,2
4591,1
4592,1
4593,1
4594,1
4595,2
4596,1
4597,2
4598,2
4599,1
4600,1
4601,3
4602,1
4603,3
4604,2
4605,1
4606,1
4607,2
4608,1
4609,2
4610,2
4611,1
4612,1
4613,3
4614,1
4615,1
4616,1
4617,1
4618,1
4619,2
4620,1
4621,1
4622,1
4623,2
4624,1
4625,2
4626,1
4627,1
4628,2
4629,1
4630,2
4631,1
4632,1
4633,2
4634,2
4635,2
4636,2
4637,1
4638,1
4639,2
4640,2
4641,1
4642,3
4643,2
4644,2
4645,2
4646,1
4647,2
4648,2
4649,2
4650,1
4651,1
4652,1
4653,1
4654,1
4655,2
4656,2
4657,2
4658,2
4659,2
4660,3
4661,1
4662,2
4663,1
4664,2
4665,2
4666,2
4667,1
4668,1
4669,1
4670,1
4671,3
4672,1
4673,1
4674,1
4675,2
4676,2
4677,2
4678,1
4679,2
4680,1
4681,1
4682,1
4683,3
4684,2
4685,2
4686,1
4687,1
4688,1
4689,2
4690,1
4691,1
4692,3
4693,3
4694,1
4695,2
4696,2
4697,2
4698,1
4699,1
4700,1
4701,1
4702,2
4703,2
4704,1
4705,1
4706,1
4707,1
4708,2
4709,2
4710,2
4711,2
4712,1
4713,1
4714,2
4715,1
4716,1
4717,1
4718,3
4719,1
4720,1
4721,1
4722,2
4723,2
4724,1
4725,1
4726,2
4727,1
4728,1
4729,3
4730,2
4731,1
4732,2
4733,2
4734,3
4735,2
4736,2
4737,1
4738,1
4739,2
4740,2
4741,2
4742,3
4743,1
4744,2
4745,2
4746,3
4747,2
4748,1
4749,1
4750,1
4751,2
4752,2
4753,1
4754,1
4755,1
4756,3
4757,1
4758,1
4759,1
4760,1
4761,2
4762,1
4763,2
4764,2
4765,1
4766,2
4767,2
4768,1
4769,2
4770,1
4771,1
4772,1
4773,2
4774,2
4775,1
4776,2
4777,3
4778,1
4779,1
4780,1
4781,1
4782,1
4783,1
4784,2
4785,2
4786,1
4787,1
4788,2
4789,1
4790,2
4791,2
4792,2
4793,1
4794,2
4795,3
4796,2
4797,3
4798,1
4799,2
4800,2
4801,1
4802,1
4803,2
4804,1
4805,1
4806,2
4807,1
4808,1
4809,1
4810,1
4811,2
4812,1
4813,2
4814,1
4815,1
4816,2
4817,1
4818,1
4819,1
4820,2
4821,3
4822,1
4823,3
4824,2
4825,1
4826,1
4827,3
4828,2
4829,2
4830,2
4831,1
4832,1
4833,2
4834,1
4835,1
4836,1
4837,3
4838,3
4839,1
4840,2
4841,2
4842,1
4843,2
4844,1
4845,2
4846,2
4847,2
4848,2
4849,1
4850,2
4851,1
4852,1
4853,2
4854,1
4855,1
4856,1
4857,1
4858,2
4859,2
4860,2
4861,1
4862,2
4863,1
4864,1
4865,1
4866,1
4867,1
4868,1
4869,2
4870,2
4871,1
4872,1
4873,1
4874,2
4875,1
4876,2
4877,1
4878,3
4879,2
4880,1
4881,2
4882,2
4883,3
4884,1
4885,3
4886,2
4887,1
4888,2
4889,1
4890,2
4891,1
4892,2
4893,3
4894,2
4895,1
4896,1
4897,1
4898,1
4899,1
4900,2
4901,1
4902,1
4903,2
4904,3
4905,1
4906,1
4907,2
4908,3
4909,1
4910,1
4911,1
4912,1
4913,1
4914,1
4915,1
4916,2
4917,1
4918,2
4919,1
4920,1
4921,1
4922,2
4923,1
4924,2
4925,2
4926,1
4927,1
4928,1
4929,1
4930,2
4931,1
4932,1
4933,1
4934,2
4935,2
4936,2
4937,1
4938,2
4939,1
4940,2
4941,1
4942,1
4943,1
4944,1
4945,1
4946,1
4947,2
4948,1
4949,1
4950,1
4951,1
4952,2
4953,2
4954,3
4955,1
4956,1
4957,1
4958,3
4959,1
4960,1
4961,3
4962,2
4963,1
4964,1
4965,2
4966,1
4967,1
4968,2
4969,1
4970,1
4971,1
4972,1
4973,1
4974,2
4975,1
4976,1
4977,1
4978,2
4979,1
4980,1
4981,2
4982,2
4983,2
4984,1
4985,1
4986,2
4987,1
4988,1
4989,1
4990,1
4991,1
4992,1
4993,1
4994,2
4995,1
4996,2
4997,1
4998,1
4999,2
5000,2
5001,3
5002,2
5003,2
5004,3
5005,2
5006,1
5007,1
5008,1
5009,1
5010,2
5011,1
5012,1
5013,1
5014,2
5015,3
5016,2
5017,2
5018,3
5019,2
5020,1
5021,2
5022,2
5023,1
5024,2
5025,1
5026,2
5027,1
5028,2
5029,2
5030,1
5031,3
5032,1
5033,1
5034,2
5035,2
5036,2
5037,1
5038,1
5039,2
5040,3
5041,1
5042,2
5043,1
5044,1
5045,1
5046,1
5047,1
5048,3
5049,1
5050,1
5051,3
5052,2
5053,1
5054,2
5055,1
5056,1
5057,2
5058,1
5059,2
5060,1
5061,1
5062,2
5063,2
5064,1
5065,1
5066,3
5067,1
5068,1
5069,2
5070,1
5071,3
5072,1
5073,1
5074,1
5075,2
5076,2
5077,3
5078,1
5079,3
5080,2
5081,1
5082,2
5083,1
5084,1
5085,1
5086,2
5087,1
5088,1
5089,2
5090,2
5091,1
5092,1
5093,2
5094,1
5095,2
5096,1
5097,1
5098,1
5099,2
5100,2
5101,2
5102,1
5103,2
5104,2
5105,1
5106,1
5107,1
5108,1
5109,1
5110,1
5111,1
5112,2
5113,2
5114,2
5115,1
5116,1
5117,2
5118,1
5119,1
5120,3
5121,3
5122,3
5123,2
5124,2
5125,2
5126,2
5127,1
5128,2
5129,1
5130,1
5131,3
5132,1
5133,2
5134,2
5135,1
5136,1
5137,2
5138,3
5139,3
5140,1
5141,1
5142,2
5143,3
5144,2
5145,3
5146,1
5147,1
5148,3
5149,1
5150,2
5151,2
5152,1
5153,1
5154,1
5155,1
5156,1
5157,2
5158,1
5159,2
5160,2
5161,1
5162,1
5163,1
5164,1
5165,3
5166,2
5167,2
5168,1
5169,1
5170,2
5171,1
5172,1
5173,1
5174,1
5175,2
5176,2
5177,2
5178,2
5179,1
5180,1
5181,2
5182,2
5183,2
5184,2
5185,2
5186,2
5187,2
5188,2
5189,2
5190,2
5191,2
5192,1
5193,3
5194,3
5195,1
5196,1
5197,1
5198,2
5199,1
5200,2
5201,1
5202,3
5203,1
5204,2
5205,3
5206,2
5207,2
5208,1
5209,2
5210,3
5211,1
5212,1
5213,3
5214,1
5215,1
5216,1
5217,1
5218,1
5219,2
5220,2
5221,1
5222,2
5223,1
5224,3
5225,2
5226,1
5227,1
5228,1
5229,1
5230,1
5231,3
5232,2
5233,3
5234,1
5235,1
5236,2
5237,1
5238,1
5239,2
5240,2
5241,3
5242,2
5243,3
5244,3
5245,2
5246,1
5247,2
5248,1
5249,1
5250,2
5251,1
5252,2
5253,2
5254,3
5255,2
5256,2
5257,3
5258,3
5259,2
5260,1
5261,2
5262,2
5263,1
5264,2
5265,2
5266,2
5267,2
5268,1
5269,2
5270,2
5271,1
5272,3
5273,1
5274,2
5275,2
5276,3
5277,1
5278,1
5279,2
5280,2
5281,2
5282,1
5283,1
5284,1
5285,2
5286,3
5287,2
5288,1
5289,3
5290,1
5291,2
5292,3
5293,1
5294,2
5295,1
5296,1
5297,1
5298,2
5299,3
5300,1
5301,2
5302,2
5303,1
5304,2
5305,1
5306,1
5307,2
5308,1
5309,2
5310,1
5311,2
5312,2
5313,2
5314,1
5315,1
5316,1
5317,1
5318,2
5319,1
5320,2
5321,2
5322,2
5323,2
5324,1
5325,2
5326,1
5327,3
5328,1
5329,1
5330,2
5331,2
5332,1
5333,1
5334,2
5335,2
5336,2
5337,1
5338,2
5339,2
5340,2
5341,1
5342,1
5343,1
5344,1
5345,2
5346,3
5347,2
5348,2
5349,1
5350,2
5351,1
5352,2
5353,1
5354,1
5355,2
5356,2
5357,1
5358,3
5359,1
5360,1
5361,1
5362,1
5363,1
5364,1
5365,3
5366,1
5367,1
5368,2
5369,1
5370,1
5371,1
5372,1
5373,1
5374,1
5375,2
5376,1
5377,1
5378,2
5379,1
5380,2
5381,1
5382,1
5383,1
5384,2
5385,1
5386,2
5387,2
5388,1
5389,1
5390,2
5391,1
5392,2
5393,2
5394,1
5395,2
5396,2
5397,1
5398,2
5399,2
5400,2
5401,2
5402,2
5403,1
5404,1
5405,2
5406,1
5407,2
5408,2
5409,2
5410,1
5411,2
5412,3
5413,1
5414,3
5415,3
5416,2
5417,2
5418,1
5419,1
5420,2
5421,2
5422,1
5423,2
5424,2
5425,3
5426,1
5427,1
5428,2
5429,2
5430,1
5431,2
5432,3
5433,3
5434,1
5435,1
5436,2
5437,1
5438,1
5439,2
5440,1
5441,1
5442,2
5443,1
5444,1
5445,1
5446,2
5447,2
5448,1
5449,1
5450,1
5451,2
5452,2
5453,1
5454,1
5455,2
5456,1
5457,1
5458,2
5459,2
5460,1
5461,1
5462,2
5463,2
5464,1
5465,1
5466,1
5467,2
5468,2
5469,1
5470,1
5471,3
5472,1
5473,1
5474,1
5475,2
5476,1
5477,1
5478,1
5479,1
5480,1
5481,1
5482,3
5483,2
5484,1
5485,2
5486,2
5487,2
5488,3
5489,1
5490,1
5491,1
5492,1
5493,2
5494,1
5495,2
5496,1
5497,1
5498,1
5499,1
5500,1
5501,1
5502,2
5503,1
5504,2
5505,3
5506,1
5507,1
5508,1
5509,1
5510,2
5511,1
5512,1
5513,2
5514,1
5515,2
5516,1
5517,1
5518,2
5519,2
5520,1
5521,2
5522,2
5523,1
5524,2
5525,1
5526,2
5527,2
5528,2
5529,2
5530,1
5531,1
5532,2
5533,3
5534,2
5535,1
5536,2
5537,3
5538,2
5539,1
5540,1
5541,2
5542,1
5543,1
5544,2
5545,2
5546,2
5547,2
5548,1
5549,1
5550,1
5551,1
5552,2
5553,2
5554,1
5555,1
5556,2
5557,1
5558,2
5559,2
5560,2
5561,3
5562,2
5563,2
5564,1
5565,1
5566,1
5567,2
5568,2
5569,2
5570,2
5571,2
5572,3
5573,2
5574,2
5575,2
5576,3
5577,1
5578,1
5579,2
5580,1
5581,2
5582,2
5583,2
5584,3
5585,1
5586,2
5587,1
5588,3
5589,2
5590,2
5591,1
5592,1
5593,2
5594,2
5595,1
5596,1
5597,1
5598,1
5599,3
5600,1
5601,1
5602,1
5603,2
5604,2
5605,2
5606,1
5607,3
5608,2
5609,1
5610,2
5611,2
5612,1
5613,1
5614,2
5615,1
5616,2
5617,2
5618,1
5619,2
5620,1
5621,2
5622,2
5623,1
5624,1
5625,1
5626,2
5627,1
5628,1
5629,2
5630,2
5631,1
5632,3
5633,1
5634,1
5635,3
5636,2
5637,1
5638,1
5639,1
5640,1
5641,1
5642,3
5643,1
5644,2
5645,1
5646,3
5647,1
5648,3
5649,1
5650,1
5651,2
5652,2
5653,2
5654,2
5655,1
5656,2
5657,2
5658,2
5659,1
5660,1
5661,1
5662,3
5663,1
5664,1
5665,2
5666,3
5667,1
5668,2
5669,2
5670,1
5671,1
5672,2
5673,1
5674,1
5675,2
5676,2
5677,2
5678,2
5679,2
5680,2
5681,1
5682,2
5683,2
5684,2
5685,2
5686,1
5687,1
5688,1
5689,1
5690,1
5691,2
5692,2
5693,1
5694,1
5695,2
5696,2
5697,2
5698,2
5699,1
5700,3
5701,2
5702,1
5703,1
5704,2
5705,1
5706,2
5707,3
5708,2
5709,1
5710,3
5711,1
5712,2
5713,1
5714,2
5715,3
5716,2
5717,2
5718,2
5719,1
5720,3
5721,2
5722,2
5723,2
5724,2
5725,1
5726,1
5727,1
5728,2
5729,2
5730,1
5731,2
5732,2
5733,2
5734,2
5735,2
5736,1
5737,1
5738,1
5739,2
5740,1
5741,1
5742,3
5743,1
5744,3
5745,1
5746,2
5747,2
5748,1
5749,2
5750,1
5751,1
5752,1
5753,2
5754,2
5755,1
5756,3
5757,1
5758,2
5759,1
5760,2
5761,1
5762,1
5763,2
5764,1
5765,1
5766,2
5767,1
5768,1
5769,1
5770,2
5771,1
5772,1
5773,2
5774,1
5775,2
5776,1
5777,2
5778,2
5779,2
5780,1
5781,1
5782,2
5783,1
5784,1
5785,1
5786,1
5787,1
5788,3
5789,2
5790,1
5791,1
5792,2
5793,2
5794,2
5795,2
5796,1
5797,2
5798,1
5799,1
5800,1
5801,2
5802,1
5803,1
5804,1
5805,1
5806,2
5807,1
5808,2
5809,3
5810,2
5811,1
5812,1
5813,2
5814,2
5815,1
5816,2
5817,3
5818,2
5819,2
5820,2
5821,3
5822,1
5823,2
5824,1
5825,2
5826,1
5827,2
5828,1
5829,1
5830,1
5831,2
5832,2
5833,3
5834,1
5835,1
5836,2
5837,1
5838,1
5839,1
5840,1
5841,1
5842,2
5843,1
5844,3
5845,2
5846,2
5847,3
5848,2
5849,1
5850,2
5851,3
5852,3
5853,2
5854,1
5855,2
5856,1
5857,1
5858,3
5859,1
5860,1
5861,3
5862,2
5863,1
5864,1
5865,1
5866,1
5867,1
5868,2
5869,2
5870,2
5871,2
5872,2
5873,2
5874,2
5875,3
5876,1
5877,1
5878,1
5879,2
5880,2
5881,1
5882,2
5883,1
5884,2
5885,1
5886,1
5887,1
5888,3
5889,1
5890,3
5891,1
5892,2
5893,2
5894,1
5895,1
5896,3
5897,2
5898,2
5899,2
5900,2
5901,3
5902,1
5903,1
5904,1
5905,1
5906,2
5907,1
5908,2
5909,2
5910,1
5911,2
5912,2
5913,2
5914,1
5915,2
5916,2
5917,1
5918,1
5919,1
5920,1
5921,1
5922,2
5923,1
5924,1
5925,1
5926,2
5927,2
5928,1
5929,3
5930,2
5931,2
5932,1
5933,1
5934,1
5935,1
5936,1
5937,2
5938,1
5939,1
5940,2
5941,2
5942,1
5943,2
5944,2
5945,2
5946,2
5947,1
5948,2
5949,2
5950,1
5951,3
5952,1
5953,2
5954,1
5955,3
5956,1
5957,1
5958,2
5959,2
5960,1
5961,2
5962,1
5963,2
5964,1
5965,2
5966,1
5967,3
5968,1
5969,1
5970,1
5971,1
5972,2
5973,1
5974,2
5975,2
5976,3
5977,2
5978,1
5979,2
5980,2
5981,1
5982,3
5983,2
5984,2
5985,1
5986,1
5987,1
5988,2
5989,1
5990,1
5991,2
5992,2
5993,1
5994,1
5995,3
5996,1
5997,1
5998,2
5999,1
6000,2
6001,1
6002,1
6003,2
6004,1
6005,2
6006,2
6007,2
6008,2
6009,2
6010,2
6011,1
6012,2
6013,3
6014,2
6015,3
6016,1
6017,1
6018,2
6019,1
6020,2
6021,2
6022,2
6023,1
6024,1
6025,2
6026,2
6027,1
6028,2
6029,1
6030,1
6031,2
6032,2
6033,2
6034,1
6035,2
6036,1
6037,1
6038,2
6039,2
6040,2
6041,1
6042,2
6043,1
6044,1
6045,2
6046,2
6047,1
6048,1
6049,1
6050,1
6051,3
6052,1
6053,1
6054,1
6055,2
6056,2
6057,1
6058,1
6059,2
6060,1
6061,1
6062,1
6063,2
6064,1
6065,1
6066,1
6067,1
6068,2
6069,1
6070,2
6071,2
6072,1
6073,2
6074,3
6075,2
6076,1
6077,1
6078,1
6079,2
6080,2
6081,2
6082,1
6083,1
6084,3
6085,3
6086,1
6087,1
6088,1
6089,2
6090,3
6091,2
6092,3
6093,2
6094,2
6095,1
6096,2
6097,2
6098,1
6099,2
6100,2
6101,1
6102,1
6103,2
6104,1
6105,2
6106,2
6107,1
6108,1
6109,1
6110,1
6111,1
6112,1
6113,1
6114,1
6115,1
6116,1
6117,3
6118,2
6119,2
6120,1
6121,1
6122,1
6123,2
6124,3
6125,2
6126,2
6127,2
6128,1
6129,3
6130,1
6131,1
6132,2
6133,3
6134,1
6135,2
6136,1
6137,2
6138,1
6139,1
6140,2
6141,1
6142,1
6143,1
6144,1
6145,2
6146,1
6147,1
6148,1
6149,2
6150,2
6151,2
6152,1
6153,1
6154,1
6155,2
6156,1
6157,3
6158,3
6159,2
6160,1
6161,3
6162,2
6163,2
6164,1
6165,2
6166,2
6167,1
6168,2
6169,1
6170,1
6171,2
6172,1
6173,1
6174,2
6175,1
6176,1
6177,3
6178,1
6179,1
6180,1
6181,2
6182,1
6183,1
6184,1
6185,3
6186,1
6187,1
6188,1
6189,1
6190,1
6191,3
6192,2
6193,1
6194,1
6195,2
6196,1
6197,2
6198,3
6199,1
6200,1
6201,1
6202,1
6203,2
6204,3
6205,1
6206,2
6207,2
6208,1
6209,1
6210,1
6211,3
6212,2
6213,2
6214,1
6215,1
6216,1
6217,1
6218,3
6219,1
6220,2
6221,1
6222,1
6223,1
6224,1
6225,2
6226,1
6227,2
6228,2
6229,2
6230,1
6231,2
6232,1
6233,1
6234,3
6235,3
6236,1
6237,2
6238,2
6239,1
6240,2
6241,2
6242,1
6243,1
6244,1
6245,1
6246,1
6247,1
6248,2
6249,1
6250,2
6251,2
6252,2
6253,1
6254,2
6255,2
6256,1
6257,2
6258,2
6259,1
6260,1
6261,1
6262,1
6263,1
6264,1
6265,2
6266,2
6267,2
6268,1
6269,2
6270,2
6271,1
6272,1
6273,2
6274,2
6275,3
6276,2
6277,1
6278,1
6279,2
6280,2
6281,1
6282,2
6283,1
6284,1
6285,1
6286,2
6287,1
6288,1
6289,1
6290,1
6291,1
6292,1
6293,1
6294,3
6295,1
6296,1
6297,1
6298,1
6299,1
6300,2
6301,1
6302,2
6303,1
6304,1
6305,1
6306,2
6307,1
6308,2
6309,2
6310,2
6311,1
6312,1
6313,1
6314,1
6315,1
6316,2
6317,2
6318,1
6319,1
6320,2
6321,1
6322,2
6323,1
6324,2
6325,2
6326,2
6327,2
6328,1
6329,2
6330,1
6331,1
6332,2
6333,2
6334,1
6335,1
6336,1
6337,2
6338,1
6339,2
6340,1
6341,2
6342,1
6343,2
6344,1
6345,2
6346,2
6347,3
6348,1
6349,3
6350,1
6351,2
6352,1
6353,1
6354,2
6355,2
6356,2
6357,1
6358,2
6359,1
6360,1
6361,2
6362,2
6363,2
6364,1
6365,1
6366,2
6367,1
6368,1
6369,2
6370,3
6371,1
6372,1
6373,2
6374,3
6375,1
6376,2
6377,1
6378,1
6379,1
6380,1
6381,1
6382,2
6383,1
6384,2
6385,1
6386,1
6387,1
6388,1
6389,1
6390,2
6391,1
6392,2
6393,1
6394,2
6395,1
6396,1
6397,1
6398,2
6399,2
6400,2
6401,2
6402,2
6403,1
6404,1
6405,1
6406,1
6407,1
6408,2
6409,2
6410,1
6411,2
6412,1
6413,2
6414,1
6415,3
6416,1
6417,1
6418,1
6419,1
6420,2
6421,1
6422,1
6423,1
6424,2
6425,1
6426,1
6427,1
6428,2
6429,2
6430,1
6431,2
6432,1
6433,2
6434,1
6435,3
6436,1
6437,1
6438,2
6439,1
6440,2
6441,2
6442,3
6443,1
6444,2
6445,1
6446,3
6447,1
6448,1
6449,1
6450,2
6451,1
6452,2
6453,1
6454,1
6455,1
6456,1
6457,2
6458,2
6459,1
6460,1
6461,1
6462,1
6463,2
6464,2
6465,1
6466,2
6467,2
6468,3
6469,1
6470,1
6471,1
6472,1
6473,3
6474,2
6475,1
6476,2
6477,2
6478,1
6479,1
6480,2
6481,2
6482,2
6483,2
6484,1
6485,2
6486,1
6487,3
6488,2
6489,2
6490,2
6491,2
6492,2
6493,1
6494,3
6495,2
6496,2
6497,3
6498,2
6499,2
6500,1
6501,1
6502,1
6503,2
6504,1
6505,2
6506,1
6507,2
6508,2
6509,1
6510,1
6511,1
6512,3
6513,1
6514,2
6515,2
6516,1
6517,2
6518,1
6519,1
6520,1
6521,2
6522,2
6523,1
6524,3
6525,1
6526,1
6527,1
6528,1
6529,2
6530,3
6531,1
6532,2
6533,1
6534,2
6535,1
6536,1
6537,1
6538,1
6539,2
6540,1
6541,1
6542,1
6543,1
6544,1
6545,1
6546,3
6547,2
6548,2
6549,2
6550,2
6551,1
6552,2
6553,1
6554,2
6555,2
6556,2
6557,3
6558,1
6559,2
6560,1
6561,2
6562,1
6563,2
6564,1
6565,2
6566,1
6567,1
6568,2
6569,1
6570,1
6571,1
6572,2
6573,1
6574,1
6575,2
6576,2
6577,2
6578,1
6579,3
6580,1
6581,2
6582,1
6583,1
6584,3
6585,1
6586,1
6587,2
6588,1
6589,2
6590,2
6591,1
6592,1
6593,1
6594,1
6595,2
6596,2
6597,1
6598,2
6599,2
6600,2
6601,1
6602,2
6603,2
6604,3
6605,2
6606,2
6607,2
6608,2
6609,2
6610,3
6611,1
6612,1
6613,2
6614,2
6615,2
6616,1
6617,3
6618,1
6619,1
6620,2
6621,2
6622,1
6623,3
6624,2
6625,1
6626,1
6627,1
6628,2
6629,1
6630,1
6631,2
6632,1
6633,2
6634,2
6635,1
6636,1
6637,1
6638,1
6639,1
6640,1
6641,2
6642,2
6643,1
6644,1
6645,1
6646,3
6647,1
6648,1
6649,2
6650,1
6651,1
6652,1
6653,1
6654,1
6655,2
6656,1
6657,1
6658,1
6659,1
6660,2
6661,2
6662,2
6663,2
6664,2
6665,3
6666,2
6667,1
6668,1
6669,2
6670,2
6671,2
6672,2
6673,1
6674,1
6675,2
6676,1
6677,2
6678,2
6679,1
6680,1
6681,2
6682,2
6683,1
6684,1
6685,3
6686,1
6687,3
6688,3
6689,2
6690,1
6691,1
6692,1
6693,1
6694,1
6695,2
6696,1
6697,1
6698,1
6699,1
6700,3
6701,1
6702,1
6703,1
6704,2
6705,1
6706,2
6707,2
6708,2
6709,2
6710,1
6711,1
6712,1
6713,2
6714,1
6715,2
6716,1
6717,3
6718,2
6719,1
6720,1
6721,1
6722,2
6723,2
6724,1
6725,1
6726,1
6727,1
6728,1
6729,1
6730,2
6731,2
6732,1
6733,2
6734,2
6735,2
6736,2
6737,2
6738,2
6739,1
6740,1
6741,1
6742,1
6743,3
6744,2
6745,1
6746,2
6747,2
6748,2
6749,3
6750,2
6751,2
6752,1
6753,2
6754,2
6755,1
6756,2
6757,2
6758,1
6759,1
6760,1
6761,2
6762,2
6763,2
6764,2
6765,3
6766,2
6767,2
6768,2
6769,1
6770,3
6771,1
6772,1
6773,1
6774,2
6775,2
6776,1
6777,2
6778,1
6779,2
6780,3
6781,2
6782,2
6783,1
6784,2
6785,2
6786,1
6787,2
6788,3
6789,1
6790,1
6791,1
6792,3
6793,1
6794,2
6795,2
6796,2
6797,1
6798,2
6799,2
6800,2
6801,1
6802,1
6803,3
6804,1
6805,3
6806,2
6807,2
6808,1
6809,1
6810,1
6811,2
6812,1
6813,2
6814,1
6815,3
6816,1
6817,1
6818,1
6819,2
6820,2
6821,2
6822,1
6823,2
6824,2
6825,1
6826,2
6827,1
6828,2
6829,2
6830,1
6831,3
6832,2
6833,2
6834,2
6835,1
6836,1
6837,1
6838,2
6839,3
6840,1
6841,3
6842,2
6843,1
6844,2
6845,1
6846,1
6847,1
6848,2
6849,2
6850,2
6851,2
6852,1
6853,1
6854,1
6855,1
6856,1
6857,1
6858,2
6859,2
6860,2
6861,3
6862,2
6863,1
6864,1
6865,2
6866,1
6867,1
6868,1
6869,1
6870,1
6871,1
6872,1
6873,2
6874,1
6875,1
6876,1
6877,2
6878,1
6879,2
6880,2
6881,2
6882,1
6883,1
6884,2
6885,1
6886,2
6887,1
6888,1
6889,1
6890,1
6891,2
6892,1
6893,1
6894,2
6895,1
6896,2
6897,1
6898,1
6899,2
6900,1
6901,2
6902,2
6903,1
6904,2
6905,3
6906,2
6907,3
6908,1
6909,1
6910,1
6911,2
6912,1
6913,1
6914,2
6915,1
6916,1
6917,1
6918,2
6919,1
6920,1
6921,2
6922,1
6923,3
6924,3
6925,2
6926,2
6927,1
6928,1
6929,1
6930,1
6931,1
6932,2
6933,2
6934,3
6935,2
6936,1
6937,2
6938,3
6939,1
6940,1
6941,1
6942,3
6943,2
6944,1
6945,1
6946,1
6947,1
6948,1
6949,2
6950,1
6951,2
6952,2
6953,1
6954,1
6955,2
6956,1
6957,2
6958,2
6959,1
6960,2
6961,1
6962,2
6963,2
6964,2
6965,1
6966,1
6967,1
6968,1
6969,1
6970,2
6971,1
6972,3
6973,1
6974,1
6975,2
6976,1
6977,1
6978,1
6979,1
6980,3
6981,2
6982,1
6983,3
6984,1
6985,1
6986,2
6987,1
6988,1
6989,2
6990,2
6991,2
6992,1
6993,2
6994,2
6995,2
6996,2
6997,1
6998,2
6999,1
7000,2
7001,2
7002,3
7003,3
7004,2
7005,1
7006,1
7007,1
7008,1
7009,2
7010,1
7011,2
7012,1
7013,2
7014,2
7015,2
7016,2
7017,2
7018,2
7019,2
7020,2
7021,1
7022,2
7023,1
7024,2
7025,2
7026,2
7027,1
7028,2
7029,1
7030,1
7031,2
7032,2
7033,1
7034,2
7035,3
7036,3
7037,1
7038,1
7039,1
7040,2
7041,1
7042,1
7043,2
7044,1
7045,1
7046,2
7047,2
7048,1
7049,1
7050,2
7051,1
7052,2
7053,1
7054,1
7055,2
7056,1
7057,2
7058,1
7059,2
7060,2
7061,1
7062,3
7063,3
7064,1
7065,1
7066,2
7067,2
7068,2
7069,2
7070,2
7071,2
7072,2
7073,1
7074,2
7075,1
7076,1
7077,2
7078,1
7079,1
7080,1
7081,2
7082,1
7083,1
7084,1
7085,2
7086,2
7087,1
7088,2
7089,1
7090,1
7091,3
7092,2
7093,1
7094,1
7095,1
7096,1
7097,3
7098,2
7099,1
7100,3
7101,2
7102,2
7103,1
7104,2
7105,1
7106,2
7107,1
7108,1
7109,3
7110,2
7111,1
7112,1
7113,2
7114,2
7115,2
7116,1
7117,1
7118,2
7119,2
7120,1
7121,2
7122,1
7123,1
7124,1
7125,1
7126,2
7127,2
7128,2
7129,2
7130,1
7131,2
7132,1
7133,2
7134,1
7135,2
7136,3
7137,1
7138,2
7139,2
7140,1
7141,2
7142,1
7143,1
7144,1
7145,1
7146,1
7147,2
7148,2
7149,2
7150,1
7151,2
7152,1
7153,2
7154,1
7155,2
7156,2
7157,1
7158,1
7159,2
7160,2
7161,1
7162,1
7163,1
7164,1
7165,1
7166,2
7167,2
7168,1
7169,1
7170,3
7171,2
7172,1
7173,2
7174,1
7175,1
7176,3
7177,2
7178,2
7179,1
7180,1
7181,1
7182,2
7183,1
7184,2
7185,2
7186,2
7187,1
7188,3
7189,2
7190,1
7191,1
7192,1
7193,1
7194,3
7195,1
7196,3
7197,2
7198,1
7199,1
7200,2
7201,1
7202,1
7203,1
7204,1
7205,2
7206,1
7207,1
7208,1
7209,2
7210,2
7211,3
7212,2
7213,1
7214,2
7215,2
7216,1
7217,1
7218,1
7219,1
7220,1
7221,1
7222,1
7223,1
7224,1
7225,2
7226,1
7227,1
7228,1
7229,2
7230,1
7231,1
7232,1
7233,1
7234,1
7235,1
7236,2
7237,1
7238,1
7239,2
7240,2
7241,2
7242,1
7243,1
7244,2
7245,1
7246,1
7247,1
7248,2
7249,1
7250,2
7251,1
7252,1
7253,1
7254,2
7255,1
7256,2
7257,1
7258,2
7259,3
7260,1
7261,2
7262,1
7263,1
7264,3
7265,2
7266,1
7267,2
7268,2
7269,2
7270,1
7271,2
7272,2
7273,2
7274,1
7275,1
7276,2
7277,2
7278,2
7279,2
7280,1
7281,1
7282,2
7283,1
7284,1
7285,1
7286,1
7287,1
7288,2
7289,1
7290,2
7291,3
7292,2
7293,2
7294,1
7295,3
7296,2
7297,2
7298,1
7299,2
7300,2
7301,1
7302,2
7303,1
7304,1
7305,2
7306,1
7307,2
7308,1
7309,1
7310,1
7311,2
7312,1
7313,1
7314,1
7315,1
7316,3
7317,2
7318,1
7319,1
7320,2
7321,3
7322,1
7323,1
7324,1
7325,1
7326,1
7327,2
7328,2
7329,2
7330,2
7331,2
7332,2
7333,2
7334,2
7335,2
7336,2
7337,2
7338,1
7339,2
7340,1
7341,1
7342,1
7343,1
7344,2
7345,1
7346,3
7347,2
7348,1
7349,2
7350,2
7351,1
7352,1
7353,1
7354,2
7355,2
7356,1
7357,1
7358,1
7359,2
7360,1
7361,2
7362,2
7363,2
7364,2
7365,2
7366,1
7367,1
7368,2
7369,1
7370,2
7371,2
7372,2
7373,1
7374,2
7375,1
7376,2
7377,1
7378,1
7379,2
7380,1
7381,1
7382,3
7383,1
7384,2
7385,3
7386,2
7387,1
7388,1
7389,2
7390,1
7391,2
7392,3
7393,2
7394,3
7395,1
7396,1
7397,2
7398,1
7399,1
7400,2
7401,1
7402,2
7403,1
7404,2
7405,3
7406,1
7407,2
7408,1
7409,1
7410,3
7411,1
7412,2
7413,2
7414,3
7415,3
7416,2
7417,3
7418,3
7419,1
7420,1
7421,2
7422,1
7423,2
7424,1
7425,2
7426,1
7427,2
7428,3
7429,1
7430,1
7431,1
7432,1
7433,1
7434,1
7435,2
7436,1
7437,2
7438,1
7439,2
7440,1
7441,1
7442,1
7443,2
7444,2
7445,2
7446,1
7447,2
7448,1
7449,2
7450,1
7451,1
7452,1
7453,1
7454,1
7455,3
7456,2
7457,1
7458,1
7459,1
7460,1
7461,1
7462,1
7463,2
7464,1
7465,2
7466,2
7467,1
7468,2
7469,1
7470,2
7471,2
7472,1
7473,2
7474,1
7475,3
7476,2
7477,2
7478,2
7479,2
7480,1
7481,2
7482,2
7483,2
7484,1
7485,1
7486,2
7487,3
7488,1
7489,2
7490,2
7491,2
7492,1
7493,1
7494,1
7495,1
7496,1
7497,1
7498,2
7499,1
7500,2
7501,1
7502,1
7503,1
7504,2
7505,2
7506,2
7507,2
7508,2
7509,1
7510,2
7511,1
7512,2
7513,1
7514,1
7515,1
7516,1
7517,2
7518,2
7519,3
7520,2
7521,1
7522,2
7523,2
7524,1
7525,2
7526,1
7527,2
7528,3
7529,1
7530,2
7531,1
7532,1
7533,1
7534,2
7535,2
7536,1
7537,1
7538,2
7539,2
7540,2
7541,1
7542,1
7543,1
7544,1
7545,1
7546,1
7547,1
7548,1
7549,1
7550,1
7551,2
7552,1
7553,1
7554,1
7555,1
7556,2
7557,3
7558,3
7559,2
7560,1
7561,2
7562,1
7563,1
7564,1
7565,1
7566,1
7567,1
7568,2
7569,2
7570,3
7571,2
7572,2
7573,1
7574,2
7575,2
7576,1
7577,1
7578,1
7579,1
7580,1
7581,1
7582,1
7583,3
7584,1
7585,3
7586,1
7587,1
7588,2
7589,1
7590,2
7591,1
7592,1
7593,2
7594,1
7595,2
7596,1
7597,1
7598,2
7599,1
7600,3
7601,1
7602,2
7603,2
7604,1
7605,2
7606,2
7607,1
7608,2
7609,2
7610,2
7611,2
7612,1
7613,1
7614,2
7615,2
7616,1
7617,1
7618,1
7619,1
7620,1
7621,1
7622,2
7623,2
7624,2
7625,2
7626,1
7627,2
7628,1
7629,1
7630,1
7631,2
7632,1
7633,1
7634,1
7635,2
7636,2
7637,2
7638,2
7639,2
7640,1
7641,1
7642,1
7643,2
7644,2
7645,2
7646,3
7647,2
7648,2
7649,3
7650,2
7651,2
7652,2
7653,2
7654,1
7655,1
7656,2
7657,2
7658,1
7659,3
7660,2
7661,2
7662,2
7663,2
7664,2
7665,3
7666,2
7667,2
7668,1
7669,1
7670,1
7671,1
7672,2
7673,2
7674,1
7675,1
7676,1
7677,1
7678,1
7679,1
7680,2
7681,2
7682,2
7683,2
7684,1
7685,2
7686,1
7687,1
7688,1
7689,1
7690,1
7691,1
7692,2
7693,1
7694,1
7695,1
7696,1
7697,3
7698,1
7699,1
7700,2
7701,2
7702,2
7703,1
7704,2
7705,1
7706,1
7707,2
7708,2
7709,3
7710,1
7711,2
7712,1
7713,1
7714,1
7715,2
7716,1
7717,2
7718,2
7719,1
7720,2
7721,2
7722,2
7723,1
7724,1
7725,2
7726,2
7727,2
